time (UTC),Pdemand
01/01/2019 00:00:00,2.5
01/01/2019 01:00:00,3.740851965
01/01/2019 02:00:00,3.942928332
01/01/2019 03:00:00,3.880750988
01/01/2019 04:00:00,4.005105675
01/01/2019 05:00:00,4.673512119
01/01/2019 06:00:00,6.492199418
01/01/2019 07:00:00,6.243490044
01/01/2019 08:00:00,5.528450593
01/01/2019 09:00:00,5.031031844
01/01/2019 10:00:00,4.409258409
01/01/2019 11:00:00,4.238270714
01/01/2019 12:00:00,4.17609337
01/01/2019 13:00:00,4.051738683
01/01/2019 14:00:00,4.129460362
01/01/2019 15:00:00,4.51806876
01/01/2019 16:00:00,5.279741219
01/01/2019 17:00:00,5.885970318
01/01/2019 18:00:00,5.512906257
01/01/2019 19:00:00,5.714982624
01/01/2019 20:00:00,5.326374226
01/01/2019 21:00:00,4.424802744
01/01/2019 22:00:00,4
01/01/2019 23:00:00,3.5
